{
    "workingPoint_err": 31.278428132337876, 
    "muonCLS": 4.3730191822361775, 
    "iMonTot": 0.06009398478263883, 
    "iMonTop": 0.029596416259722355, 
    "effMax": 99.5851921885366, 
    "muonCLS_err": 0.0, 
    "workingPoint": 7036.324681424257, 
    "eff": 98.34181783221493, 
    "iMonBot": 0.030497568522916473
}